province,province_name,model,test_norm_mae,test_norm_rmse,test_norm_r2,val_norm_mae,best_epoch,final_gap,mamba_mae,mamba_rmse,mamba_r2,delta_mae_vs_mamba,delta_rmse_vs_mamba,delta_r2_vs_mamba,start,end,n_hours,coverage_ratio,max_gap_h,aqi_mean,aqi_std,aqi_cv,aqi_iqr,aqi_skew,aqi_kurtosis,diff_abs_mean,diff_abs_p90,diff_abs_p95,spike_rate,spike_threshold,direction_change_rate,autocorr_1h,autocorr_12h,autocorr_24h,autocorr_168h,hist_entropy
an_giang,An Giang,lstm,0.19288957118988037,0.2917143351338794,0.8176007270812988,0.1635618954896927,19,0.035520324643781076,0.14336682856082916,0.23322661711227968,0.883409321308136,0.04952274262905121,0.058487718021599716,-0.06580859422683716,2026-03-03 10:00:00,2026-06-16 23:00:00,2534,1.0,1.0,92.55288082083662,22.27260327576975,0.2406473259204642,23.0,0.6804697561160751,0.8077105135918003,1.2427951046190289,3.0,4.0,0.020520915548539857,10.0,0.15187239944521497,0.9923243887873704,0.7589758469742727,0.5380345332852134,0.012957414746004401,3.0481564950828783
an_giang,An Giang,mamba,0.14336682856082916,0.23322661711227968,0.883409321308136,0.1301642805337906,28,0.018576524388059845,0.14336682856082916,0.23322661711227968,0.883409321308136,0.0,0.0,0.0,2026-03-03 10:00:00,2026-06-16 23:00:00,2534,1.0,1.0,92.55288082083662,22.27260327576975,0.2406473259204642,23.0,0.6804697561160751,0.8077105135918003,1.2427951046190289,3.0,4.0,0.020520915548539857,10.0,0.15187239944521497,0.9923243887873704,0.7589758469742727,0.5380345332852134,0.012957414746004401,3.0481564950828783
an_giang,An Giang,transformer,0.1787777990102768,0.2840416563211351,0.8270695209503174,0.14700455963611603,58,0.01498549599879961,0.14336682856082916,0.23322661711227968,0.883409321308136,0.03541097044944763,0.05081503920885541,-0.056339800357818604,2026-03-03 10:00:00,2026-06-16 23:00:00,2534,1.0,1.0,92.55288082083662,22.27260327576975,0.2406473259204642,23.0,0.6804697561160751,0.8077105135918003,1.2427951046190289,3.0,4.0,0.020520915548539857,10.0,0.15187239944521497,0.9923243887873704,0.7589758469742727,0.5380345332852134,0.012957414746004401,3.0481564950828783
bac_ninh,Bắc Ninh,lstm,0.2778967320919037,0.4261667798486847,0.8351529836654663,0.15119948983192444,7,0.03108352245017,0.293341726064682,0.4562125249391327,0.8110893964767456,-0.01544499397277832,-0.03004574509044805,0.024063587188720703,2026-03-03 10:00:00,2026-06-16 23:00:00,2534,1.0,1.0,128.58168903522446,37.2075016519682,0.28936858685823724,57.75,0.5301956025859509,-0.10701691041671113,3.5866561329416546,11.0,19.0,0.10378847671665352,11.0,0.11995696611081226,0.9797938805879502,0.5849263508143228,0.6370909759067767,0.30316608191335104,2.956622625654561
bac_ninh,Bắc Ninh,mamba,0.293341726064682,0.4562125249391327,0.8110893964767456,0.14516428112983704,32,0.02658006290976818,0.293341726064682,0.4562125249391327,0.8110893964767456,0.0,0.0,0.0,2026-03-03 10:00:00,2026-06-16 23:00:00,2534,1.0,1.0,128.58168903522446,37.2075016519682,0.28936858685823724,57.75,0.5301956025859509,-0.10701691041671113,3.5866561329416546,11.0,19.0,0.10378847671665352,11.0,0.11995696611081226,0.9797938805879502,0.5849263508143228,0.6370909759067767,0.30316608191335104,2.956622625654561
bac_ninh,Bắc Ninh,transformer,0.280117392539978,0.4368844981927853,0.8267571926116943,0.1469615250825882,38,0.010728038956753137,0.293341726064682,0.4562125249391327,0.8110893964767456,-0.01322433352470398,-0.019328026746347426,0.01566779613494873,2026-03-03 10:00:00,2026-06-16 23:00:00,2534,1.0,1.0,128.58168903522446,37.2075016519682,0.28936858685823724,57.75,0.5301956025859509,-0.10701691041671113,3.5866561329416546,11.0,19.0,0.10378847671665352,11.0,0.11995696611081226,0.9797938805879502,0.5849263508143228,0.6370909759067767,0.30316608191335104,2.956622625654561
ca_mau,Cà Mau,lstm,0.1454792469739914,0.21673094975705667,0.8314271569252014,0.18834128975868225,17,0.07023607466139437,0.12391883879899979,0.18991497611002978,0.8705613017082214,0.021560408174991608,0.026815973647026897,-0.03913414478302002,2026-03-03 10:00:00,2026-06-16 23:00:00,2534,1.0,1.0,55.408839779005525,8.696316158078632,0.1569481727602186,11.0,0.2942733299097257,0.2696793492240639,0.5621792341097512,1.0,2.0,0.003551696921862668,10.0,0.14719848053181386,0.9905510960064573,0.689136889284397,0.4112212054051517,-0.02609367959528858,2.9681721014120055
ca_mau,Cà Mau,mamba,0.12391883879899979,0.18991497611002978,0.8705613017082214,0.1608874797821045,16,0.028519116608687424,0.12391883879899979,0.18991497611002978,0.8705613017082214,0.0,0.0,0.0,2026-03-03 10:00:00,2026-06-16 23:00:00,2534,1.0,1.0,55.408839779005525,8.696316158078632,0.1569481727602186,11.0,0.2942733299097257,0.2696793492240639,0.5621792341097512,1.0,2.0,0.003551696921862668,10.0,0.14719848053181386,0.9905510960064573,0.689136889284397,0.4112212054051517,-0.02609367959528858,2.9681721014120055
ca_mau,Cà Mau,transformer,0.15695078670978546,0.22765678012972068,0.8140025734901428,0.18034929037094116,55,0.0285214153683429,0.12391883879899979,0.18991497611002978,0.8705613017082214,0.033031947910785675,0.037741804019690905,-0.05655872821807861,2026-03-03 10:00:00,2026-06-16 23:00:00,2534,1.0,1.0,55.408839779005525,8.696316158078632,0.1569481727602186,11.0,0.2942733299097257,0.2696793492240639,0.5621792341097512,1.0,2.0,0.003551696921862668,10.0,0.14719848053181386,0.9905510960064573,0.689136889284397,0.4112212054051517,-0.02609367959528858,2.9681721014120055
can_tho,TP. Cần Thơ,lstm,0.1724560409784317,0.2499828258218193,0.8712621927261353,0.1793651580810547,10,0.040300240136038966,0.1769597977399826,0.2720541566541724,0.8475257158279419,-0.004503756761550903,-0.022071330832353075,0.02373647689819336,2026-03-03 10:00:00,2026-06-16 23:00:00,2534,1.0,1.0,109.86740331491713,24.439839262878678,0.22244850178925077,31.0,0.3370670742339318,-0.380050903435984,1.2562179234109752,3.0,4.0,0.012628255722178374,10.0,0.1401315789473684,0.9943068337720798,0.7896787243313099,0.5641339579073835,0.14642124622303923,3.2967694309235123
can_tho,TP. Cần Thơ,mamba,0.1769597977399826,0.2720541566541724,0.8475257158279419,0.1305616945028305,33,0.017573192593044084,0.1769597977399826,0.2720541566541724,0.8475257158279419,0.0,0.0,0.0,2026-03-03 10:00:00,2026-06-16 23:00:00,2534,1.0,1.0,109.86740331491713,24.439839262878678,0.22244850178925077,31.0,0.3370670742339318,-0.380050903435984,1.2562179234109752,3.0,4.0,0.012628255722178374,10.0,0.1401315789473684,0.9943068337720798,0.7896787243313099,0.5641339579073835,0.14642124622303923,3.2967694309235123
can_tho,TP. Cần Thơ,transformer,0.1921929121017456,0.2762488661177482,0.8427875638008118,0.15862755477428436,59,0.020916597803937925,0.1769597977399826,0.2720541566541724,0.8475257158279419,0.015233114361763,0.0041947094635758075,-0.004738152027130127,2026-03-03 10:00:00,2026-06-16 23:00:00,2534,1.0,1.0,109.86740331491713,24.439839262878678,0.22244850178925077,31.0,0.3370670742339318,-0.380050903435984,1.2562179234109752,3.0,4.0,0.012628255722178374,10.0,0.1401315789473684,0.9943068337720798,0.7896787243313099,0.5641339579073835,0.14642124622303923,3.2967694309235123
cao_bang,Cao Bằng,lstm,0.22016699612140656,0.3387763701447159,0.9171549081802368,0.11207538843154907,11,0.012624027268794157,0.23260638117790222,0.3435278629936565,0.9148147106170654,-0.012439385056495667,-0.004751492848940608,0.0023401975631713867,2026-03-03 10:00:00,2026-06-16 23:00:00,2534,1.0,1.0,88.39384372533544,37.952933554621914,0.4293617287709805,51.0,0.6596690945357034,-0.4176506252779224,2.2427951046190286,5.0,9.0,0.04696132596685083,10.0,0.10702875399361023,0.9948072352330702,0.8182027985218795,0.7468989341129538,0.5100805414864459,3.2336460345442153
cao_bang,Cao Bằng,mamba,0.23260638117790222,0.3435278629936565,0.9148147106170654,0.10068243741989136,17,0.0033508809578799235,0.23260638117790222,0.3435278629936565,0.9148147106170654,0.0,0.0,0.0,2026-03-03 10:00:00,2026-06-16 23:00:00,2534,1.0,1.0,88.39384372533544,37.952933554621914,0.4293617287709805,51.0,0.6596690945357034,-0.4176506252779224,2.2427951046190286,5.0,9.0,0.04696132596685083,10.0,0.10702875399361023,0.9948072352330702,0.8182027985218795,0.7468989341129538,0.5100805414864459,3.2336460345442153
cao_bang,Cao Bằng,transformer,0.22589938342571259,0.3340990081728714,0.9194267392158508,0.09839753061532974,39,-0.0019364901227488067,0.23260638117790222,0.3435278629936565,0.9148147106170654,-0.006706997752189636,-0.009428854820785093,0.0046120285987854,2026-03-03 10:00:00,2026-06-16 23:00:00,2534,1.0,1.0,88.39384372533544,37.952933554621914,0.4293617287709805,51.0,0.6596690945357034,-0.4176506252779224,2.2427951046190286,5.0,9.0,0.04696132596685083,10.0,0.10702875399361023,0.9948072352330702,0.8182027985218795,0.7468989341129538,0.5100805414864459,3.2336460345442153
da_nang,TP. Đà Nẵng,lstm,0.32631638646125793,0.5525217085237184,0.7295880317687988,0.11411935836076736,12,0.010864899120043185,0.3445875942707062,0.608930915017766,0.671554446220398,-0.018271207809448242,-0.05640920649404757,0.05803358554840088,2026-03-03 10:00:00,2026-06-16 23:00:00,2534,1.0,1.0,103.38161010260458,54.31591577327307,0.5253924341027906,67.0,1.1734167707134822,0.4044706603869028,7.348203711014607,24.0,30.0,0.10220994475138122,24.0,0.13960703205791106,0.9738599243286414,0.16782198147727703,0.8133255603664747,0.4269246598040227,2.991344878953425
da_nang,TP. Đà Nẵng,mamba,0.3445875942707062,0.608930915017766,0.671554446220398,0.09727563709020615,18,0.004231704712877142,0.3445875942707062,0.608930915017766,0.671554446220398,0.0,0.0,0.0,2026-03-03 10:00:00,2026-06-16 23:00:00,2534,1.0,1.0,103.38161010260458,54.31591577327307,0.5253924341027906,67.0,1.1734167707134822,0.4044706603869028,7.348203711014607,24.0,30.0,0.10220994475138122,24.0,0.13960703205791106,0.9738599243286414,0.16782198147727703,0.8133255603664747,0.4269246598040227,2.991344878953425
da_nang,TP. Đà Nẵng,transformer,0.2997239828109741,0.48365220624033434,0.7927981615066528,0.10153888165950775,8,-0.013131197082568595,0.3445875942707062,0.608930915017766,0.671554446220398,-0.044863611459732056,-0.12527870877743164,0.12124371528625488,2026-03-03 10:00:00,2026-06-16 23:00:00,2534,1.0,1.0,103.38161010260458,54.31591577327307,0.5253924341027906,67.0,1.1734167707134822,0.4044706603869028,7.348203711014607,24.0,30.0,0.10220994475138122,24.0,0.13960703205791106,0.9738599243286414,0.16782198147727703,0.8133255603664747,0.4269246598040227,2.991344878953425
dak_lak,Đắk Lắk,lstm,0.3306301236152649,0.5279234066899003,0.8740031719207764,0.1394641101360321,21,0.02735994747949913,0.2909688949584961,0.466547416524957,0.9015967845916748,0.0396612286567688,0.06137599016494333,-0.027593612670898438,2026-03-03 10:00:00,2026-06-16 23:00:00,2534,1.0,1.0,63.82359905288082,24.691336932876315,0.38686845147072313,32.0,1.1216121454916905,0.6854990277004926,1.833004342676668,4.0,10.0,0.05288082083662194,10.0,0.15064298836497245,0.9882772371336469,0.824249661796939,0.8344034349807783,0.6059622102646005,2.9151743613505183
dak_lak,Đắk Lắk,mamba,0.2909688949584961,0.466547416524957,0.9015967845916748,0.1385495960712433,11,0.01260099559579219,0.2909688949584961,0.466547416524957,0.9015967845916748,0.0,0.0,0.0,2026-03-03 10:00:00,2026-06-16 23:00:00,2534,1.0,1.0,63.82359905288082,24.691336932876315,0.38686845147072313,32.0,1.1216121454916905,0.6854990277004926,1.833004342676668,4.0,10.0,0.05288082083662194,10.0,0.15064298836497245,0.9882772371336469,0.824249661796939,0.8344034349807783,0.6059622102646005,2.9151743613505183
dak_lak,Đắk Lắk,transformer,0.31435447931289673,0.4938441054080929,0.8897452354431152,0.15773743391036987,32,0.013106680608854511,0.2909688949584961,0.466547416524957,0.9015967845916748,0.023385584354400635,0.02729668888313591,-0.01185154914855957,2026-03-03 10:00:00,2026-06-16 23:00:00,2534,1.0,1.0,63.82359905288082,24.691336932876315,0.38686845147072313,32.0,1.1216121454916905,0.6854990277004926,1.833004342676668,4.0,10.0,0.05288082083662194,10.0,0.15064298836497245,0.9882772371336469,0.824249661796939,0.8344034349807783,0.6059622102646005,2.9151743613505183
dien_bien,Điện Biên,lstm,0.22942063212394714,0.3826058082777298,0.9287435412406921,0.09316616505384445,18,0.007565597033469356,0.2255968451499939,0.4731025637821049,0.8910488486289978,0.003823786973953247,-0.09049675550437514,0.037694692611694336,2026-03-03 10:00:00,2026-06-16 23:00:00,2534,1.0,1.0,85.68153112858604,48.2831088036938,0.5635182771329473,85.0,0.43417423150491014,-1.170998832756126,1.1630477875153444,3.0,3.000000762939453,0.0055248618784530384,10.0,0.11057401812688822,0.999226798964179,0.9686985852715565,0.936016251267452,0.8036157925428726,3.3581121289811118
dien_bien,Điện Biên,mamba,0.2255968451499939,0.4731025637821049,0.8910488486289978,0.08977537602186203,19,0.003799786008333139,0.2255968451499939,0.4731025637821049,0.8910488486289978,0.0,0.0,0.0,2026-03-03 10:00:00,2026-06-16 23:00:00,2534,1.0,1.0,85.68153112858604,48.2831088036938,0.5635182771329473,85.0,0.43417423150491014,-1.170998832756126,1.1630477875153444,3.0,3.000000762939453,0.0055248618784530384,10.0,0.11057401812688822,0.999226798964179,0.9686985852715565,0.936016251267452,0.8036157925428726,3.3581121289811118
dien_bien,Điện Biên,transformer,0.14271250367164612,0.20397893516332063,0.9797468781471252,0.08729194104671478,42,0.0015915369306241205,0.2255968451499939,0.4731025637821049,0.8910488486289978,-0.08288434147834778,-0.26912362861878425,0.08869802951812744,2026-03-03 10:00:00,2026-06-16 23:00:00,2534,1.0,1.0,85.68153112858604,48.2831088036938,0.5635182771329473,85.0,0.43417423150491014,-1.170998832756126,1.1630477875153444,3.0,3.000000762939453,0.0055248618784530384,10.0,0.11057401812688822,0.999226798964179,0.9686985852715565,0.936016251267452,0.8036157925428726,3.3581121289811118
dong_nai,Đồng Nai,lstm,0.19865292310714722,0.3369222667635026,0.9181062579154968,0.23240900039672852,11,0.08883555887620025,0.19338226318359375,0.3271453401789013,0.9227901697158813,0.005270659923553467,0.009776926584601331,-0.0046839118003845215,2026-03-03 10:00:00,2026-06-16 23:00:00,2534,1.0,1.0,86.71231254932913,29.86682690424698,0.3444358249268956,42.0,0.9646824602871161,-0.174783845246115,1.5455981050138177,3.0,8.0,0.04143646408839779,10.0,0.1680236861584012,0.9917964790143567,0.8773428079243792,0.8345250179026232,0.5469695820777223,3.0617355643402386
dong_nai,Đồng Nai,mamba,0.19338226318359375,0.3271453401789013,0.9227901697158813,0.21172407269477844,12,0.0700349265020444,0.19338226318359375,0.3271453401789013,0.9227901697158813,0.0,0.0,0.0,2026-03-03 10:00:00,2026-06-16 23:00:00,2534,1.0,1.0,86.71231254932913,29.86682690424698,0.3444358249268956,42.0,0.9646824602871161,-0.174783845246115,1.5455981050138177,3.0,8.0,0.04143646408839779,10.0,0.1680236861584012,0.9917964790143567,0.8773428079243792,0.8345250179026232,0.5469695820777223,3.0617355643402386
dong_nai,Đồng Nai,transformer,0.213608518242836,0.3352490290023943,0.9189176559448242,0.24325764179229736,11,0.06305602507744779,0.19338226318359375,0.3271453401789013,0.9227901697158813,0.02022625505924225,0.008103688823492994,-0.003872513771057129,2026-03-03 10:00:00,2026-06-16 23:00:00,2534,1.0,1.0,86.71231254932913,29.86682690424698,0.3444358249268956,42.0,0.9646824602871161,-0.174783845246115,1.5455981050138177,3.0,8.0,0.04143646408839779,10.0,0.1680236861584012,0.9917964790143567,0.8773428079243792,0.8345250179026232,0.5469695820777223,3.0617355643402386
dong_thap,Đồng Tháp,lstm,0.1942301094532013,0.28868439147821656,0.922994077205658,0.23910751938819885,11,0.07724477317328968,0.17056255042552948,0.2737585907289243,0.9307510852813721,0.023667559027671814,0.014925800749292284,-0.007757008075714111,2026-03-03 10:00:00,2026-06-16 23:00:00,2534,1.0,1.0,91.80662983425414,28.854572592608026,0.31429726420304827,41.0,0.8383532640090555,-0.24737469882944918,1.2546387682589815,3.0,5.0,0.026835043409629045,10.0,0.15817901234567902,0.9943099085271129,0.8614285057410573,0.7686964336756285,0.4869616535426308,3.3259493890461664
dong_thap,Đồng Tháp,mamba,0.17056255042552948,0.2737585907289243,0.9307510852813721,0.18099845945835114,15,0.03956750510326933,0.17056255042552948,0.2737585907289243,0.9307510852813721,0.0,0.0,0.0,2026-03-03 10:00:00,2026-06-16 23:00:00,2534,1.0,1.0,91.80662983425414,28.854572592608026,0.31429726420304827,41.0,0.8383532640090555,-0.24737469882944918,1.2546387682589815,3.0,5.0,0.026835043409629045,10.0,0.15817901234567902,0.9943099085271129,0.8614285057410573,0.7686964336756285,0.4869616535426308,3.3259493890461664
dong_thap,Đồng Tháp,transformer,0.20835764706134796,0.30279441976356436,0.9152824878692627,0.22275406122207642,15,0.0386105506953434,0.17056255042552948,0.2737585907289243,0.9307510852813721,0.03779509663581848,0.02903582903464008,-0.015468597412109375,2026-03-03 10:00:00,2026-06-16 23:00:00,2534,1.0,1.0,91.80662983425414,28.854572592608026,0.31429726420304827,41.0,0.8383532640090555,-0.24737469882944918,1.2546387682589815,3.0,5.0,0.026835043409629045,10.0,0.15817901234567902,0.9943099085271129,0.8614285057410573,0.7686964336756285,0.4869616535426308,3.3259493890461664
gia_lai,Gia Lai,lstm,0.2875196039676666,0.5180524847549275,0.7762482762336731,0.08718837052583694,16,0.0011859022880018853,0.2722112536430359,0.516544245116386,0.7775492072105408,0.015308350324630737,0.0015082396385415198,-0.0013009309768676758,2026-03-03 10:00:00,2026-06-16 23:00:00,2534,1.0,1.0,70.4704025678025,24.382539067136964,0.3459968749813443,24.0,1.9860335937674365,4.805691923827737,2.8855112755764534,10.0,18.0,0.10497237569060773,10.0,0.15278688524590164,0.9641806110770161,0.31664100223142116,0.7147404435852134,0.28136027659190227,2.544557494746777
gia_lai,Gia Lai,mamba,0.2722112536430359,0.516544245116386,0.7775492072105408,0.08910245448350906,14,-0.005025278493277522,0.2722112536430359,0.516544245116386,0.7775492072105408,0.0,0.0,0.0,2026-03-03 10:00:00,2026-06-16 23:00:00,2534,1.0,1.0,70.4704025678025,24.382539067136964,0.3459968749813443,24.0,1.9860335937674365,4.805691923827737,2.8855112755764534,10.0,18.0,0.10497237569060773,10.0,0.15278688524590164,0.9641806110770161,0.31664100223142116,0.7147404435852134,0.28136027659190227,2.544557494746777
gia_lai,Gia Lai,transformer,0.27457064390182495,0.5211076840392161,0.7736013531684875,0.08980803191661835,29,-0.013171182744113417,0.2722112536430359,0.516544245116386,0.7775492072105408,0.0023593902587890625,0.004563438922830176,-0.003947854042053223,2026-03-03 10:00:00,2026-06-16 23:00:00,2534,1.0,1.0,70.4704025678025,24.382539067136964,0.3459968749813443,24.0,1.9860335937674365,4.805691923827737,2.8855112755764534,10.0,18.0,0.10497237569060773,10.0,0.15278688524590164,0.9641806110770161,0.31664100223142116,0.7147404435852134,0.28136027659190227,2.544557494746777
ha_noi,TP. Hà Nội,lstm,0.2804358899593353,0.41833805988055567,0.8411538600921631,0.1469605565071106,7,0.04101858619145582,0.27015063166618347,0.43584380698277175,0.8275815844535828,0.010285258293151855,-0.017505747102216085,0.013572275638580322,2026-03-03 10:00:00,2026-06-16 23:00:00,2534,1.0,1.0,128.58168903522446,37.2075016519682,0.28936858685823724,57.75,0.5301956025859509,-0.10701691041671113,3.5866561329416546,11.0,19.0,0.10378847671665352,11.0,0.11995696611081226,0.9797938805879502,0.5849263508143228,0.6370909759067767,0.30316608191335104,2.956622625654561
ha_noi,TP. Hà Nội,mamba,0.27015063166618347,0.43584380698277175,0.8275815844535828,0.1362551599740982,28,0.024136943161387134,0.27015063166618347,0.43584380698277175,0.8275815844535828,0.0,0.0,0.0,2026-03-03 10:00:00,2026-06-16 23:00:00,2534,1.0,1.0,128.58168903522446,37.2075016519682,0.28936858685823724,57.75,0.5301956025859509,-0.10701691041671113,3.5866561329416546,11.0,19.0,0.10378847671665352,11.0,0.11995696611081226,0.9797938805879502,0.5849263508143228,0.6370909759067767,0.30316608191335104,2.956622625654561
ha_noi,TP. Hà Nội,transformer,0.2778211236000061,0.4224688094944873,0.8380014300346375,0.16039787232875824,18,0.005352855111272158,0.27015063166618347,0.43584380698277175,0.8275815844535828,0.007670491933822632,-0.013374997488284468,0.010419845581054688,2026-03-03 10:00:00,2026-06-16 23:00:00,2534,1.0,1.0,128.58168903522446,37.2075016519682,0.28936858685823724,57.75,0.5301956025859509,-0.10701691041671113,3.5866561329416546,11.0,19.0,0.10378847671665352,11.0,0.11995696611081226,0.9797938805879502,0.5849263508143228,0.6370909759067767,0.30316608191335104,2.956622625654561
ha_tinh,Hà Tĩnh,lstm,0.2381870597600937,0.35525298644306513,0.833484411239624,0.12861445546150208,15,0.012052873706018211,0.2127477079629898,0.3441588939273191,0.8437221646308899,0.025439351797103882,0.011094092515746057,-0.01023775339126587,2026-03-03 10:00:00,2026-06-16 23:00:00,2534,1.0,1.0,76.32399368587214,23.428861854108032,0.3069658795703821,32.0,0.8469088558955471,0.22525837959218586,1.7481247532570074,4.0,8.0,0.042620363062352014,10.0,0.14620253164556962,0.9871960339044407,0.7639496989311011,0.7109465982945541,0.4594507951286196,2.902563154424428
ha_tinh,Hà Tĩnh,mamba,0.2127477079629898,0.3441588939273191,0.8437221646308899,0.11564258486032486,20,0.005455586218041007,0.2127477079629898,0.3441588939273191,0.8437221646308899,0.0,0.0,0.0,2026-03-03 10:00:00,2026-06-16 23:00:00,2534,1.0,1.0,76.32399368587214,23.428861854108032,0.3069658795703821,32.0,0.8469088558955471,0.22525837959218586,1.7481247532570074,4.0,8.0,0.042620363062352014,10.0,0.14620253164556962,0.9871960339044407,0.7639496989311011,0.7109465982945541,0.4594507951286196,2.902563154424428
ha_tinh,Hà Tĩnh,transformer,0.20040419697761536,0.3310553964252815,0.8553958535194397,0.12572267651557922,22,0.0033258987866891555,0.2127477079629898,0.3441588939273191,0.8437221646308899,-0.01234351098537445,-0.013103497502037598,0.011673688888549805,2026-03-03 10:00:00,2026-06-16 23:00:00,2534,1.0,1.0,76.32399368587214,23.428861854108032,0.3069658795703821,32.0,0.8469088558955471,0.22525837959218586,1.7481247532570074,4.0,8.0,0.042620363062352014,10.0,0.14620253164556962,0.9871960339044407,0.7639496989311011,0.7109465982945541,0.4594507951286196,2.902563154424428
hai_phong,TP. Hải Phòng,lstm,0.3219946026802063,0.4627785526887121,0.7076267004013062,0.12488079816102982,8,0.013408980205652142,0.22795405983924866,0.4158479415293588,0.7639193534851074,0.09404054284095764,0.04693061115935332,-0.05629265308380127,2026-03-03 10:00:00,2026-06-16 23:00:00,2534,1.0,1.0,83.9889502792539,29.366113299796343,0.34964258038893553,37.0,1.4776047488704722,2.6386713074090946,2.8286616660086854,9.800000000000182,16.0,0.10023677979479084,10.0,0.12462552426602756,0.9782141373970135,0.4347810817378371,0.5381273653869215,0.1537095237345314,2.657267114210794
hai_phong,TP. Hải Phòng,mamba,0.22795405983924866,0.4158479415293588,0.7639193534851074,0.10435761511325836,39,0.010278224082431748,0.22795405983924866,0.4158479415293588,0.7639193534851074,0.0,0.0,0.0,2026-03-03 10:00:00,2026-06-16 23:00:00,2534,1.0,1.0,83.9889502792539,29.366113299796343,0.34964258038893553,37.0,1.4776047488704722,2.6386713074090946,2.8286616660086854,9.800000000000182,16.0,0.10023677979479084,10.0,0.12462552426602756,0.9782141373970135,0.4347810817378371,0.5381273653869215,0.1537095237345314,2.657267114210794
hai_phong,TP. Hải Phòng,transformer,0.2720481753349304,0.4856316815411271,0.6780374646186829,0.12778371572494507,6,-0.00014195114028515282,0.22795405983924866,0.4158479415293588,0.7639193534851074,0.04409411549568176,0.06978374001176835,-0.08588188886642456,2026-03-03 10:00:00,2026-06-16 23:00:00,2534,1.0,1.0,83.9889502792539,29.366113299796343,0.34964258038893553,37.0,1.4776047488704722,2.6386713074090946,2.8286616660086854,9.800000000000182,16.0,0.10023677979479084,10.0,0.12462552426602756,0.9782141373970135,0.4347810817378371,0.5381273653869215,0.1537095237345314,2.657267114210794
ho_chi_minh,TP. Hồ Chí Minh,lstm,0.23419764637947083,0.37477953708664064,0.9010684490203857,0.23790740966796875,18,0.08205992773894931,0.19185499846935272,0.30685841061022795,0.9336777925491333,0.0423426479101181,0.06792112647641269,-0.03260934352874756,2026-03-04 01:00:00,2026-06-17 18:00:00,2538,1.0,1.0,87.32466509062253,30.295642691450333,0.34693110657808485,44.0,0.9357403786589811,-0.26446585314443105,1.5490737091052424,3.0,8.0,0.041371158392434985,10.0,0.16851441241685144,0.9920226496123611,0.8802042474439394,0.8384977847827797,0.5695753150314955,3.076080935568685
ho_chi_minh,TP. Hồ Chí Minh,mamba,0.19185499846935272,0.30685841061022795,0.9336777925491333,0.2154502123594284,10,0.052693483353351334,0.19185499846935272,0.30685841061022795,0.9336777925491333,0.0,0.0,0.0,2026-03-04 01:00:00,2026-06-17 18:00:00,2538,1.0,1.0,87.32466509062253,30.295642691450333,0.34693110657808485,44.0,0.9357403786589811,-0.26446585314443105,1.5490737091052424,3.0,8.0,0.041371158392434985,10.0,0.16851441241685144,0.9920226496123611,0.8802042474439394,0.8384977847827797,0.5695753150314955,3.076080935568685
ho_chi_minh,TP. Hồ Chí Minh,transformer,0.192643404006958,0.33464864291561836,0.9211210608482361,0.22465309500694275,16,0.060872627793857714,0.19185499846935272,0.30685841061022795,0.9336777925491333,0.0007884055376052856,0.027790232305390405,-0.012556731700897217,2026-03-04 01:00:00,2026-06-17 18:00:00,2538,1.0,1.0,87.32466509062253,30.295642691450333,0.34693110657808485,44.0,0.9357403786589811,-0.26446585314443105,1.5490737091052424,3.0,8.0,0.041371158392434985,10.0,0.16851441241685144,0.9920226496123611,0.8802042474439394,0.8384977847827797,0.5695753150314955,3.076080935568685
hue,TP. Huế,lstm,0.3161084055900574,0.5194457708036972,0.8567374348640442,0.12951841950416565,12,0.020149301518933533,0.2939962148666382,0.5231949827994091,0.8546618819236755,0.02211219072341919,-0.0037492119957118764,0.0020755529403686523,2026-03-03 10:00:00,2026-06-16 23:00:00,2534,1.0,1.0,94.39779005524862,38.48345519282914,0.4076732640701202,56.0,1.0291118409136202,0.22301961572758033,5.013028030003948,19.0,25.0,0.10655090765588003,19.0,0.1399885255306942,0.9679921574509243,0.42311675137376703,0.8552087333679244,0.6278903960386477,3.039810226542713
hue,TP. Huế,mamba,0.2939962148666382,0.5231949827994091,0.8546618819236755,0.11131368577480316,26,0.010873196380690012,0.2939962148666382,0.5231949827994091,0.8546618819236755,0.0,0.0,0.0,2026-03-03 10:00:00,2026-06-16 23:00:00,2534,1.0,1.0,94.39779005524862,38.48345519282914,0.4076732640701202,56.0,1.0291118409136202,0.22301961572758033,5.013028030003948,19.0,25.0,0.10655090765588003,19.0,0.1399885255306942,0.9679921574509243,0.42311675137376703,0.8552087333679244,0.6278903960386477,3.039810226542713
hue,TP. Huế,transformer,0.2910442352294922,0.4786482802263823,0.878357470035553,0.13467280566692352,9,0.006120481616230258,0.2939962148666382,0.5231949827994091,0.8546618819236755,-0.002951979637145996,-0.04454670257302684,0.02369558811187744,2026-03-03 10:00:00,2026-06-16 23:00:00,2534,1.0,1.0,94.39779005524862,38.48345519282914,0.4076732640701202,56.0,1.0291118409136202,0.22301961572758033,5.013028030003948,19.0,25.0,0.10655090765588003,19.0,0.1399885255306942,0.9679921574509243,0.42311675137376703,0.8552087333679244,0.6278903960386477,3.039810226542713
hung_yen,Hưng Yên,lstm,0.2794026732444763,0.4137073829403809,0.8551090359687805,0.13728228211402893,14,0.032684699190938575,0.25341251492500305,0.38833872256543783,0.8723337650299072,0.025990158319473267,0.025368660374943064,-0.01722472906112671,2026-03-03 10:00:00,2026-06-16 23:00:00,2534,1.0,1.0,131.4301499605367,35.77484276511829,0.27219662136777645,59.0,0.22866109947551963,-0.7899723520341562,3.234504540071062,9.0,18.0,0.09865824782951854,10.0,0.11466372657111357,0.9811838000546848,0.6321437123505147,0.6200112722735258,0.296576006291707,3.1125433867612444
hung_yen,Hưng Yên,mamba,0.25341251492500305,0.38833872256543783,0.8723337650299072,0.13825441896915436,10,0.014889898520143233,0.25341251492500305,0.38833872256543783,0.8723337650299072,0.0,0.0,0.0,2026-03-03 10:00:00,2026-06-16 23:00:00,2534,1.0,1.0,131.4301499605367,35.77484276511829,0.27219662136777645,59.0,0.22866109947551963,-0.7899723520341562,3.234504540071062,9.0,18.0,0.09865824782951854,10.0,0.11466372657111357,0.9811838000546848,0.6321437123505147,0.6200112722735258,0.296576006291707,3.1125433867612444
hung_yen,Hưng Yên,transformer,0.29300886392593384,0.42395834965748797,0.8478397727012634,0.1678595393896103,11,0.01625562716544289,0.25341251492500305,0.38833872256543783,0.8723337650299072,0.039596349000930786,0.03561962709205013,-0.0244939923286438,2026-03-03 10:00:00,2026-06-16 23:00:00,2534,1.0,1.0,131.4301499605367,35.77484276511829,0.27219662136777645,59.0,0.22866109947551963,-0.7899723520341562,3.234504540071062,9.0,18.0,0.09865824782951854,10.0,0.11466372657111357,0.9811838000546848,0.6321437123505147,0.6200112722735258,0.296576006291707,3.1125433867612444
khanh_hoa,Khánh Hòa,lstm,0.2248525172472,0.4126177359666459,0.8174276351928711,0.08196502178907394,14,0.00032923903913014904,0.23734599351882935,0.4918900453818496,0.7405371069908142,-0.012493476271629333,-0.07927230941520369,0.07689052820205688,2026-03-03 10:00:00,2026-06-16 23:00:00,2534,1.0,1.0,68.58287288753085,20.474128146362318,0.2985312117201312,18.0,2.0079262852015356,6.033781560732979,1.9392025010462481,5.999996948242187,12.0,0.06906077348066299,10.0,0.1620583717357911,0.9718508345723365,0.47299062077825493,0.8170065846495514,0.1783988462467297,2.458289447801881
khanh_hoa,Khánh Hòa,mamba,0.23734599351882935,0.4918900453818496,0.7405371069908142,0.08325475454330444,30,-0.004028031783448761,0.23734599351882935,0.4918900453818496,0.7405371069908142,0.0,0.0,0.0,2026-03-03 10:00:00,2026-06-16 23:00:00,2534,1.0,1.0,68.58287288753085,20.474128146362318,0.2985312117201312,18.0,2.0079262852015356,6.033781560732979,1.9392025010462481,5.999996948242187,12.0,0.06906077348066299,10.0,0.1620583717357911,0.9718508345723365,0.47299062077825493,0.8170065846495514,0.1783988462467297,2.458289447801881
khanh_hoa,Khánh Hòa,transformer,0.22224682569503784,0.41511798781388437,0.815208375453949,0.08052323013544083,22,-0.01858612209897116,0.23734599351882935,0.4918900453818496,0.7405371069908142,-0.015099167823791504,-0.07677205756796524,0.07467126846313477,2026-03-03 10:00:00,2026-06-16 23:00:00,2534,1.0,1.0,68.58287288753085,20.474128146362318,0.2985312117201312,18.0,2.0079262852015356,6.033781560732979,1.9392025010462481,5.999996948242187,12.0,0.06906077348066299,10.0,0.1620583717357911,0.9718508345723365,0.47299062077825493,0.8170065846495514,0.1783988462467297,2.458289447801881
lai_chau,Lai Châu,lstm,0.16946379840373993,0.23804179651585242,0.9694832563400269,0.10746870189905167,17,0.012564100037438942,0.1888853758573532,0.3083973029939006,0.9487783908843994,-0.01942157745361328,-0.0703555064780482,0.02070486545562744,2026-03-03 10:00:00,2026-06-16 23:00:00,2534,1.0,1.0,82.33070244672454,43.10690935533223,0.523582431271327,72.0,0.3555937672882558,-1.1272930842233762,1.3410975128306357,3.0,4.0,0.004340962904498816,10.0,0.10342979635584137,0.9989437832652818,0.9468038147973287,0.8803312653193252,0.7146824969184896,3.472241348205722
lai_chau,Lai Châu,mamba,0.1888853758573532,0.3083973029939006,0.9487783908843994,0.10440533608198166,38,0.007856721518979268,0.1888853758573532,0.3083973029939006,0.9487783908843994,0.0,0.0,0.0,2026-03-03 10:00:00,2026-06-16 23:00:00,2534,1.0,1.0,82.33070244672454,43.10690935533223,0.523582431271327,72.0,0.3555937672882558,-1.1272930842233762,1.3410975128306357,3.0,4.0,0.004340962904498816,10.0,0.10342979635584137,0.9989437832652818,0.9468038147973287,0.8803312653193252,0.7146824969184896,3.472241348205722
lai_chau,Lai Châu,transformer,0.16445040702819824,0.22562727611323571,0.9725832939147949,0.1140572801232338,8,0.0010596876491295454,0.1888853758573532,0.3083973029939006,0.9487783908843994,-0.024434968829154968,-0.0827700268806649,0.023804903030395508,2026-03-03 10:00:00,2026-06-16 23:00:00,2534,1.0,1.0,82.33070244672454,43.10690935533223,0.523582431271327,72.0,0.3555937672882558,-1.1272930842233762,1.3410975128306357,3.0,4.0,0.004340962904498816,10.0,0.10342979635584137,0.9989437832652818,0.9468038147973287,0.8803312653193252,0.7146824969184896,3.472241348205722
lam_dong,Lâm Đồng,lstm,0.3240918815135956,0.534582930817704,0.8407956957817078,0.1509726196527481,12,0.0189284562527643,0.48319435119628906,0.9732813837011799,0.4628586173057556,-0.15910246968269348,-0.43869845288347586,0.37793707847595215,2026-03-03 10:00:00,2026-06-16 23:00:00,2534,1.0,1.0,56.461720599842145,19.235648686183698,0.34068477690418586,25.0,0.5420873864168771,0.05222858441711287,1.3501776549545992,3.0,7.0,0.030781373322809787,10.0,0.16987620357634112,0.9887156073888363,0.8324763094577424,0.8336668737637736,0.6028803991144968,3.106240975811454
lam_dong,Lâm Đồng,mamba,0.48319435119628906,0.9732813837011799,0.4628586173057556,0.13450896739959717,44,0.010668826232975222,0.48319435119628906,0.9732813837011799,0.4628586173057556,0.0,0.0,0.0,2026-03-03 10:00:00,2026-06-16 23:00:00,2534,1.0,1.0,56.461720599842145,19.235648686183698,0.34068477690418586,25.0,0.5420873864168771,0.05222858441711287,1.3501776549545992,3.0,7.0,0.030781373322809787,10.0,0.16987620357634112,0.9887156073888363,0.8324763094577424,0.8336668737637736,0.6028803991144968,3.106240975811454
lam_dong,Lâm Đồng,transformer,0.29281097650527954,0.4870781687366714,0.8678333163261414,0.1623649001121521,15,0.009387756380253277,0.48319435119628906,0.9732813837011799,0.4628586173057556,-0.19038337469100952,-0.48620321496450847,0.40497469902038574,2026-03-03 10:00:00,2026-06-16 23:00:00,2534,1.0,1.0,56.461720599842145,19.235648686183698,0.34068477690418586,25.0,0.5420873864168771,0.05222858441711287,1.3501776549545992,3.0,7.0,0.030781373322809787,10.0,0.16987620357634112,0.9887156073888363,0.8324763094577424,0.8336668737637736,0.6028803991144968,3.106240975811454
lang_son,Lạng Sơn,lstm,0.3424508273601532,0.5457280802499008,0.7972370982170105,0.13527953624725342,13,0.016803441331023905,0.3698362708091736,0.6432839780818678,0.718264639377594,-0.027385443449020386,-0.09755589783196694,0.0789724588394165,2026-03-03 10:00:00,2026-06-16 23:00:00,2534,1.0,1.0,91.17284925019732,38.67712977916494,0.42421762725684736,47.0,0.9069974921644847,0.2562536312942214,3.7726016581129094,13.0,20.0,0.1026045777426993,13.0,0.12401055408970976,0.9812994807217842,0.47288968064109693,0.7104672034845224,0.38430561262274204,3.1288566553553117
lang_son,Lạng Sơn,mamba,0.3698362708091736,0.6432839780818678,0.718264639377594,0.12419578433036804,34,0.011671981637637167,0.3698362708091736,0.6432839780818678,0.718264639377594,0.0,0.0,0.0,2026-03-03 10:00:00,2026-06-16 23:00:00,2534,1.0,1.0,91.17284925019732,38.67712977916494,0.42421762725684736,47.0,0.9069974921644847,0.2562536312942214,3.7726016581129094,13.0,20.0,0.1026045777426993,13.0,0.12401055408970976,0.9812994807217842,0.47288968064109693,0.7104672034845224,0.38430561262274204,3.1288566553553117
lang_son,Lạng Sơn,transformer,0.3339932858943939,0.5352050035085278,0.8049812912940979,0.13472148776054382,10,-0.0007825809871389415,0.3698362708091736,0.6432839780818678,0.718264639377594,-0.03584298491477966,-0.10807897457333993,0.0867166519165039,2026-03-03 10:00:00,2026-06-16 23:00:00,2534,1.0,1.0,91.17284925019732,38.67712977916494,0.42421762725684736,47.0,0.9069974921644847,0.2562536312942214,3.7726016581129094,13.0,20.0,0.1026045777426993,13.0,0.12401055408970976,0.9812994807217842,0.47288968064109693,0.7104672034845224,0.38430561262274204,3.1288566553553117
lao_cai,Lào Cai,lstm,0.2152356505393982,0.3131672530495285,0.9049009680747986,0.11033552885055542,13,0.019121709937771854,0.20133495330810547,0.30920586056515803,0.9072916507720947,0.013900697231292725,0.003961392484370496,-0.0023906826972961426,2026-03-03 10:00:00,2026-06-16 23:00:00,2534,1.0,1.0,123.21981059422903,37.584837892011514,0.30502268840341645,61.0,0.14191386530147634,-0.7167716753874611,2.407816818002369,6.0,11.0,0.06077348066298342,10.0,0.13697857948139797,0.9918218193886027,0.7906313551319694,0.6671794340110659,0.34309902898287586,3.1949754122697254
lao_cai,Lào Cai,mamba,0.20133495330810547,0.30920586056515803,0.9072916507720947,0.10324877500534058,18,0.005069607852173055,0.20133495330810547,0.30920586056515803,0.9072916507720947,0.0,0.0,0.0,2026-03-03 10:00:00,2026-06-16 23:00:00,2534,1.0,1.0,123.21981059422903,37.584837892011514,0.30502268840341645,61.0,0.14191386530147634,-0.7167716753874611,2.407816818002369,6.0,11.0,0.06077348066298342,10.0,0.13697857948139797,0.9918218193886027,0.7906313551319694,0.6671794340110659,0.34309902898287586,3.1949754122697254
lao_cai,Lào Cai,transformer,0.21733932197093964,0.31649425836751777,0.9028696417808533,0.12634395062923431,20,0.0054045442032386246,0.20133495330810547,0.30920586056515803,0.9072916507720947,0.016004368662834167,0.007288397802359736,-0.004422008991241455,2026-03-03 10:00:00,2026-06-16 23:00:00,2534,1.0,1.0,123.21981059422903,37.584837892011514,0.30502268840341645,61.0,0.14191386530147634,-0.7167716753874611,2.407816818002369,6.0,11.0,0.06077348066298342,10.0,0.13697857948139797,0.9918218193886027,0.7906313551319694,0.6671794340110659,0.34309902898287586,3.1949754122697254
nghe_an,Nghệ An,lstm,0.24112723767757416,0.3559829221082246,0.8676772117614746,0.12818925082683563,15,0.023515088473351393,0.1902734637260437,0.28932037964723434,0.9125953912734985,0.05085377395153046,0.06666254246099024,-0.044918179512023926,2026-03-03 10:00:00,2026-06-16 23:00:00,2534,1.0,1.0,107.17324388921026,31.797604011705026,0.29669349231022274,46.0,0.5082982771622169,-0.16922478041573807,2.0532964863797867,5.0,9.0,0.04459352801894238,10.0,0.13080407701019253,0.9915771414030116,0.811848419582154,0.7196901890687395,0.4851919094324041,2.892688933175263
nghe_an,Nghệ An,mamba,0.1902734637260437,0.28932037964723434,0.9125953912734985,0.11234474927186966,19,0.01126601449143759,0.1902734637260437,0.28932037964723434,0.9125953912734985,0.0,0.0,0.0,2026-03-03 10:00:00,2026-06-16 23:00:00,2534,1.0,1.0,107.17324388921026,31.797604011705026,0.29669349231022274,46.0,0.5082982771622169,-0.16922478041573807,2.0532964863797867,5.0,9.0,0.04459352801894238,10.0,0.13080407701019253,0.9915771414030116,0.811848419582154,0.7196901890687395,0.4851919094324041,2.892688933175263
nghe_an,Nghệ An,transformer,0.21912725269794464,0.32301617699081736,0.8910505771636963,0.13449478149414062,16,0.004782881849193555,0.1902734637260437,0.28932037964723434,0.9125953912734985,0.02885378897190094,0.03369579734358302,-0.021544814109802246,2026-03-03 10:00:00,2026-06-16 23:00:00,2534,1.0,1.0,107.17324388921026,31.797604011705026,0.29669349231022274,46.0,0.5082982771622169,-0.16922478041573807,2.0532964863797867,5.0,9.0,0.04459352801894238,10.0,0.13080407701019253,0.9915771414030116,0.811848419582154,0.7196901890687395,0.4851919094324041,2.892688933175263
ninh_binh,Ninh Bình,lstm,0.2532544434070587,0.4050228033298316,0.8642526268959045,0.1427960991859436,10,0.029724933582222904,0.2752464711666107,0.3964095773282844,0.8699648380279541,-0.021992027759552002,0.00861322600154718,-0.0057122111320495605,2026-03-03 10:00:00,2026-06-16 23:00:00,2534,1.0,1.0,119.29636934787717,35.7450861824097,0.29963264077362106,66.0,0.22066284574930894,-1.0590205596631144,2.940386896024238,9.0,15.0,0.09155485398579322,10.0,0.12529002320185614,0.9845213467102045,0.6671251846660193,0.604438539328098,0.2484796483056343,3.154097344296561
ninh_binh,Ninh Bình,mamba,0.2752464711666107,0.3964095773282844,0.8699648380279541,0.14354686439037323,10,0.014199597517310581,0.2752464711666107,0.3964095773282844,0.8699648380279541,0.0,0.0,0.0,2026-03-03 10:00:00,2026-06-16 23:00:00,2534,1.0,1.0,119.29636934787717,35.7450861824097,0.29963264077362106,66.0,0.22066284574930894,-1.0590205596631144,2.940386896024238,9.0,15.0,0.09155485398579322,10.0,0.12529002320185614,0.9845213467102045,0.6671251846660193,0.604438539328098,0.2484796483056343,3.154097344296561
ninh_binh,Ninh Bình,transformer,0.28613168001174927,0.41990979199435513,0.85409015417099,0.16408517956733704,11,0.010734698260284246,0.2752464711666107,0.3964095773282844,0.8699648380279541,0.01088520884513855,0.023500214666070718,-0.01587468385696411,2026-03-03 10:00:00,2026-06-16 23:00:00,2534,1.0,1.0,119.29636934787717,35.7450861824097,0.29963264077362106,66.0,0.22066284574930894,-1.0590205596631144,2.940386896024238,9.0,15.0,0.09155485398579322,10.0,0.12529002320185614,0.9845213467102045,0.6671251846660193,0.604438539328098,0.2484796483056343,3.154097344296561
phu_tho,Phú Thọ,lstm,0.2450890988111496,0.36349448232122933,0.8987599611282349,0.09853113442659378,13,0.012424534393148015,0.30702805519104004,0.5640972559991486,0.7556118369102478,-0.06193895637989044,-0.2006027736779193,0.14314812421798706,2026-03-03 10:00:00,2026-06-16 23:00:00,2534,1.0,1.0,124.31373324315193,40.4953808419344,0.32575146595209475,65.0,0.07826876147314528,-0.4813430985017244,2.4820371131580714,5.0,12.0,0.062352012628255724,10.0,0.11098901098901098,0.9912986573777021,0.8010152546983114,0.7283994141950665,0.4150544493753327,3.0044510115082526
phu_tho,Phú Thọ,mamba,0.30702805519104004,0.5640972559991486,0.7556118369102478,0.08942287415266037,33,0.006138583541641707,0.30702805519104004,0.5640972559991486,0.7556118369102478,0.0,0.0,0.0,2026-03-03 10:00:00,2026-06-16 23:00:00,2534,1.0,1.0,124.31373324315193,40.4953808419344,0.32575146595209475,65.0,0.07826876147314528,-0.4813430985017244,2.4820371131580714,5.0,12.0,0.062352012628255724,10.0,0.11098901098901098,0.9912986573777021,0.8010152546983114,0.7283994141950665,0.4150544493753327,3.0044510115082526
phu_tho,Phú Thọ,transformer,0.24976746737957,0.3738186626771425,0.892927348613739,0.11039810627698898,19,-0.0011786855476584174,0.30702805519104004,0.5640972559991486,0.7556118369102478,-0.05726058781147003,-0.19027859332200614,0.1373155117034912,2026-03-03 10:00:00,2026-06-16 23:00:00,2534,1.0,1.0,124.31373324315193,40.4953808419344,0.32575146595209475,65.0,0.07826876147314528,-0.4813430985017244,2.4820371131580714,5.0,12.0,0.062352012628255724,10.0,0.11098901098901098,0.9912986573777021,0.8010152546983114,0.7283994141950665,0.4150544493753327,3.0044510115082526
quang_ngai,Quảng Ngãi,lstm,0.3145093321800232,0.5829716963579804,0.7063905000686646,0.08008688688278198,25,0.0005505850884256897,0.23339898884296417,0.430260692101174,0.8400668501853943,0.08111034333705902,0.1527110042568064,-0.13367635011672974,2026-03-03 10:00:00,2026-06-16 23:00:00,2534,1.0,1.0,85.58326756116811,31.91489578016419,0.3729104612341888,29.0,1.980990228350205,4.142973403757551,3.649427556257402,13.0,20.0,0.10773480662983426,13.0,0.16783216783216784,0.9685245456851327,0.33539022140700353,0.7842663246948518,0.3002879092343422,2.608320994868385
quang_ngai,Quảng Ngãi,mamba,0.23339898884296417,0.430260692101174,0.8400668501853943,0.07063734531402588,42,-0.0018358548769312278,0.23339898884296417,0.430260692101174,0.8400668501853943,0.0,0.0,0.0,2026-03-03 10:00:00,2026-06-16 23:00:00,2534,1.0,1.0,85.58326756116811,31.91489578016419,0.3729104612341888,29.0,1.980990228350205,4.142973403757551,3.649427556257402,13.0,20.0,0.10773480662983426,13.0,0.16783216783216784,0.9685245456851327,0.33539022140700353,0.7842663246948518,0.3002879092343422,2.608320994868385
quang_ngai,Quảng Ngãi,transformer,0.23217305541038513,0.4192695874339798,0.8481335043907166,0.08017076551914215,12,-0.020527945787104512,0.23339898884296417,0.430260692101174,0.8400668501853943,-0.0012259334325790405,-0.010991104667194218,0.008066654205322266,2026-03-03 10:00:00,2026-06-16 23:00:00,2534,1.0,1.0,85.58326756116811,31.91489578016419,0.3729104612341888,29.0,1.980990228350205,4.142973403757551,3.649427556257402,13.0,20.0,0.10773480662983426,13.0,0.16783216783216784,0.9685245456851327,0.33539022140700353,0.7842663246948518,0.3002879092343422,2.608320994868385
quang_ninh,Quảng Ninh,lstm,0.26623913645744324,0.4233152036964926,0.7138209939002991,0.11670994758605957,9,0.011515510825013401,0.23411239683628082,0.40221365890262467,0.7416409850120544,0.032126739621162415,0.021101544793867943,-0.02781999111175537,2026-03-03 10:00:00,2026-06-16 23:00:00,2534,1.0,1.0,78.29479084451461,26.66190173341543,0.34053225566900386,31.0,1.2996501169866692,2.0648448329541647,2.6920647453612316,8.0,11.0,0.07300710339384373,10.0,0.13329519450800914,0.9839375257404711,0.39560653797074014,0.5344147271078434,0.20317184059290586,2.7509978507321926
quang_ninh,Quảng Ninh,mamba,0.23411239683628082,0.40221365890262467,0.7416409850120544,0.11102189868688583,16,0.002216761210943668,0.23411239683628082,0.40221365890262467,0.7416409850120544,0.0,0.0,0.0,2026-03-03 10:00:00,2026-06-16 23:00:00,2534,1.0,1.0,78.29479084451461,26.66190173341543,0.34053225566900386,31.0,1.2996501169866692,2.0648448329541647,2.6920647453612316,8.0,11.0,0.07300710339384373,10.0,0.13329519450800914,0.9839375257404711,0.39560653797074014,0.5344147271078434,0.20317184059290586,2.7509978507321926
quang_ninh,Quảng Ninh,transformer,0.28681960701942444,0.44315714992547217,0.6863642930984497,0.12157376855611801,9,-0.00930697511782623,0.23411239683628082,0.40221365890262467,0.7416409850120544,0.052707210183143616,0.0409434910228475,-0.055276691913604736,2026-03-03 10:00:00,2026-06-16 23:00:00,2534,1.0,1.0,78.29479084451461,26.66190173341543,0.34053225566900386,31.0,1.2996501169866692,2.0648448329541647,2.6920647453612316,8.0,11.0,0.07300710339384373,10.0,0.13329519450800914,0.9839375257404711,0.39560653797074014,0.5344147271078434,0.20317184059290586,2.7509978507321926
quang_tri,Quảng Trị,lstm,0.2240496277809143,0.3614643974052036,0.8930624127388,0.110813207924366,14,0.016037425509684268,0.19424816966056824,0.3165867373121239,0.9179677367210388,0.02980145812034607,0.044877660093079697,-0.02490532398223877,2026-03-03 10:00:00,2026-06-16 23:00:00,2534,1.0,1.0,68.06156275341995,28.316358951683416,0.41604038764538326,39.0,1.094050375367805,0.9856432896956693,1.9435452048222255,5.0,10.0,0.05130228887134965,10.0,0.14704087858450274,0.9898987158309996,0.8024021988418694,0.85896224861035,0.648369800799994,2.8635262176000795
quang_tri,Quảng Trị,mamba,0.19424816966056824,0.3165867373121239,0.9179677367210388,0.10634195059537888,16,0.0033754589631385407,0.19424816966056824,0.3165867373121239,0.9179677367210388,0.0,0.0,0.0,2026-03-03 10:00:00,2026-06-16 23:00:00,2534,1.0,1.0,68.06156275341995,28.316358951683416,0.41604038764538326,39.0,1.094050375367805,0.9856432896956693,1.9435452048222255,5.0,10.0,0.05130228887134965,10.0,0.14704087858450274,0.9898987158309996,0.8024021988418694,0.85896224861035,0.648369800799994,2.8635262176000795
quang_tri,Quảng Trị,transformer,0.19876894354820251,0.31114703790648396,0.9207625389099121,0.11083202064037323,16,-0.0004612853149399687,0.19424816966056824,0.3165867373121239,0.9179677367210388,0.004520773887634277,-0.005439699405639931,0.002794802188873291,2026-03-03 10:00:00,2026-06-16 23:00:00,2534,1.0,1.0,68.06156275341995,28.316358951683416,0.41604038764538326,39.0,1.094050375367805,0.9856432896956693,1.9435452048222255,5.0,10.0,0.05130228887134965,10.0,0.14704087858450274,0.9898987158309996,0.8024021988418694,0.85896224861035,0.648369800799994,2.8635262176000795
son_la,Sơn La,lstm,0.19736889004707336,0.2821275213886945,0.9600207209587097,0.10947314649820328,8,0.00763161203356476,0.17230990529060364,0.2726504989279822,0.9626615047454834,0.025058984756469727,0.009477022460712303,-0.0026407837867736816,2026-03-03 10:00:00,2026-06-16 23:00:00,2534,1.0,1.0,89.17087608524072,44.8112724923382,0.5025326032403444,76.0,0.47236558345189084,-0.9977860741656164,1.3517568101065929,3.0,4.0,0.017758484609313337,10.0,0.11492178098676294,0.9985755074038984,0.9511777502934186,0.9035262906788135,0.7732949924765722,3.3471199647194494
son_la,Sơn La,mamba,0.17230990529060364,0.2726504989279822,0.9626615047454834,0.11075956374406815,9,0.003818095050911692,0.17230990529060364,0.2726504989279822,0.9626615047454834,0.0,0.0,0.0,2026-03-03 10:00:00,2026-06-16 23:00:00,2534,1.0,1.0,89.17087608524072,44.8112724923382,0.5025326032403444,76.0,0.47236558345189084,-0.9977860741656164,1.3517568101065929,3.0,4.0,0.017758484609313337,10.0,0.11492178098676294,0.9985755074038984,0.9511777502934186,0.9035262906788135,0.7732949924765722,3.3471199647194494
son_la,Sơn La,transformer,0.18413402140140533,0.2619972028774088,0.9655223488807678,0.10288002341985703,27,0.0011714370758771232,0.17230990529060364,0.2726504989279822,0.9626615047454834,0.011824116110801697,-0.010653296050573413,0.002860844135284424,2026-03-03 10:00:00,2026-06-16 23:00:00,2534,1.0,1.0,89.17087608524072,44.8112724923382,0.5025326032403444,76.0,0.47236558345189084,-0.9977860741656164,1.3517568101065929,3.0,4.0,0.017758484609313337,10.0,0.11492178098676294,0.9985755074038984,0.9511777502934186,0.9035262906788135,0.7732949924765722,3.3471199647194494
tay_ninh,Tây Ninh,lstm,0.20243513584136963,0.30688217999591316,0.9129796624183655,0.2443103939294815,12,0.07330272395461414,0.17232432961463928,0.27657496321877134,0.929318904876709,0.030110806226730347,0.03030721677714182,-0.016339242458343506,2026-03-03 10:00:00,2026-06-16 23:00:00,2534,1.0,1.0,91.80662983425414,28.854572592608026,0.31429726420304827,41.0,0.8383532640090555,-0.24737469882944918,1.2546387682589815,3.0,5.0,0.026835043409629045,10.0,0.15817901234567902,0.9943099085271129,0.8614285057410573,0.7686964336756285,0.4869616535426308,3.3259493890461664
tay_ninh,Tây Ninh,mamba,0.17232432961463928,0.27657496321877134,0.929318904876709,0.1816386729478836,15,0.03811309383044715,0.17232432961463928,0.27657496321877134,0.929318904876709,0.0,0.0,0.0,2026-03-03 10:00:00,2026-06-16 23:00:00,2534,1.0,1.0,91.80662983425414,28.854572592608026,0.31429726420304827,41.0,0.8383532640090555,-0.24737469882944918,1.2546387682589815,3.0,5.0,0.026835043409629045,10.0,0.15817901234567902,0.9943099085271129,0.8614285057410573,0.7686964336756285,0.4869616535426308,3.3259493890461664
tay_ninh,Tây Ninh,transformer,0.20837032794952393,0.30186150753678404,0.9158037304878235,0.22915399074554443,15,0.03963428386690171,0.17232432961463928,0.27657496321877134,0.929318904876709,0.036045998334884644,0.025286544318012694,-0.013515174388885498,2026-03-03 10:00:00,2026-06-16 23:00:00,2534,1.0,1.0,91.80662983425414,28.854572592608026,0.31429726420304827,41.0,0.8383532640090555,-0.24737469882944918,1.2546387682589815,3.0,5.0,0.026835043409629045,10.0,0.15817901234567902,0.9943099085271129,0.8614285057410573,0.7686964336756285,0.4869616535426308,3.3259493890461664
thai_nguyen,Thái Nguyên,lstm,0.3109833002090454,0.4449016784156578,0.8203341960906982,0.15052378177642822,4,0.024049489420648842,0.3217340111732483,0.5573191739955747,0.7175832986831665,-0.01075071096420288,-0.11241749557991693,0.10275089740753174,2026-03-03 10:00:00,2026-06-16 23:00:00,2534,1.0,1.0,117.63378055846493,39.65088546651203,0.33707057002053264,66.0,0.6211656938681142,-0.26518891107127684,3.6190288256055227,11.0,19.0,0.10220994475138122,11.0,0.11963519313304721,0.9824948594797458,0.5873976138331795,0.6088853115510026,0.2991011154455162,3.049888702800236
thai_nguyen,Thái Nguyên,mamba,0.3217340111732483,0.5573191739955747,0.7175832986831665,0.12211623042821884,26,0.01604661569006676,0.3217340111732483,0.5573191739955747,0.7175832986831665,0.0,0.0,0.0,2026-03-03 10:00:00,2026-06-16 23:00:00,2534,1.0,1.0,117.63378055846493,39.65088546651203,0.33707057002053264,66.0,0.6211656938681142,-0.26518891107127684,3.6190288256055227,11.0,19.0,0.10220994475138122,11.0,0.11963519313304721,0.9824948594797458,0.5873976138331795,0.6088853115510026,0.2991011154455162,3.049888702800236
thai_nguyen,Thái Nguyên,transformer,0.2811845541000366,0.4251208652406307,0.8359553217887878,0.15111030638217926,11,0.007724336548623444,0.3217340111732483,0.5573191739955747,0.7175832986831665,-0.04054945707321167,-0.13219830875494404,0.11837202310562134,2026-03-03 10:00:00,2026-06-16 23:00:00,2534,1.0,1.0,117.63378055846493,39.65088546651203,0.33707057002053264,66.0,0.6211656938681142,-0.26518891107127684,3.6190288256055227,11.0,19.0,0.10220994475138122,11.0,0.11963519313304721,0.9824948594797458,0.5873976138331795,0.6088853115510026,0.2991011154455162,3.049888702800236
thanh_hoa,Thanh Hóa,lstm,0.2842051088809967,0.42353670147663847,0.8703051805496216,0.13481032848358154,14,0.028282179711364402,0.2367069572210312,0.3611380618483938,0.9057053327560425,0.047498151659965515,0.062398639628244656,-0.0354001522064209,2026-03-03 10:00:00,2026-06-16 23:00:00,2534,1.0,1.0,109.46921862667719,36.700756916611724,0.33526097451898595,67.0,0.4910996098743041,-0.7167886829966945,2.3572838531385707,6.0,11.400000000000091,0.06550907655880031,10.0,0.1293206197854589,0.9904833199758353,0.8010152040992056,0.712255935111,0.3791801896203009,3.004586621641114
thanh_hoa,Thanh Hóa,mamba,0.2367069572210312,0.3611380618483938,0.9057053327560425,0.12800507247447968,10,0.011283586557266214,0.2367069572210312,0.3611380618483938,0.9057053327560425,0.0,0.0,0.0,2026-03-03 10:00:00,2026-06-16 23:00:00,2534,1.0,1.0,109.46921862667719,36.700756916611724,0.33526097451898595,67.0,0.4910996098743041,-0.7167886829966945,2.3572838531385707,6.0,11.400000000000091,0.06550907655880031,10.0,0.1293206197854589,0.9904833199758353,0.8010152040992056,0.712255935111,0.3791801896203009,3.004586621641114
thanh_hoa,Thanh Hóa,transformer,0.25912028551101685,0.395050783182451,0.887164294719696,0.14582709968090057,5,0.001742273089043872,0.2367069572210312,0.3611380618483938,0.9057053327560425,0.022413328289985657,0.033912721334057205,-0.018541038036346436,2026-03-03 10:00:00,2026-06-16 23:00:00,2534,1.0,1.0,109.46921862667719,36.700756916611724,0.33526097451898595,67.0,0.4910996098743041,-0.7167886829966945,2.3572838531385707,6.0,11.400000000000091,0.06550907655880031,10.0,0.1293206197854589,0.9904833199758353,0.8010152040992056,0.712255935111,0.3791801896203009,3.004586621641114
tuyen_quang,Tuyên Quang,lstm,0.2684953510761261,0.3731325859947234,0.8862454891204834,0.1218443512916565,8,0.019966897474192703,0.22822192311286926,0.3461066439532347,0.8839099407196045,0.040273427963256836,0.02702594204148867,0.0023355484008789062,2026-03-03 10:00:00,2026-06-16 23:00:00,2534,1.0,1.0,114.4696133123577,39.39157860247218,0.34412257945681046,66.0,0.36908315474579173,-0.5393045225299837,2.8784050412484885,8.0,14.0,0.08681925808997633,10.0,0.11610878661087866,0.9898959011000178,0.7525391335604187,0.7353984772567309,0.4788284955834284,3.1834647060987877
tuyen_quang,Tuyên Quang,mamba,0.22822192311286926,0.3461066439532347,0.8839099407196045,0.11076466739177704,23,0.008029876265772319,0.22822192311286926,0.3461066439532347,0.8839099407196045,0.0,0.0,0.0,2026-03-03 10:00:00,2026-06-16 23:00:00,2534,1.0,1.0,114.4696133123577,39.39157860247218,0.34412257945681046,66.0,0.36908315474579173,-0.5393045225299837,2.8784050412484885,8.0,14.0,0.08681925808997633,10.0,0.11610878661087866,0.9898959011000178,0.7525391335604187,0.7353984772567309,0.4788284955834284,3.1834647060987877
tuyen_quang,Tuyên Quang,transformer,0.25049683451652527,0.36354539353756643,0.8920159339904785,0.11846068501472473,19,-0.0025766867240277855,0.22822192311286926,0.3461066439532347,0.8839099407196045,0.022274911403656006,0.017438749584331725,0.008105993270874023,2026-03-03 10:00:00,2026-06-16 23:00:00,2534,1.0,1.0,114.4696133123577,39.39157860247218,0.34412257945681046,66.0,0.36908315474579173,-0.5393045225299837,2.8784050412484885,8.0,14.0,0.08681925808997633,10.0,0.11610878661087866,0.9898959011000178,0.7525391335604187,0.7353984772567309,0.4788284955834284,3.1834647060987877
vinh_long,Vĩnh Long,lstm,0.2160615473985672,0.2973702591201062,0.8641254901885986,0.20982998609542847,14,0.05623786548606041,0.26162686944007874,0.3950652295286722,0.7601827383041382,-0.045565322041511536,-0.097694970408566,0.10394275188446045,2026-03-03 10:00:00,2026-06-16 23:00:00,2534,1.0,1.0,107.11760063141278,25.294014926113398,0.23613313570333835,33.75,0.4032078067758538,-0.46958584364772626,1.364784840110541,3.0,5.0,0.018942383583267563,10.0,0.14409030544488713,0.9936005227091116,0.7936820738915443,0.5931778980964255,0.31334135206354946,3.322596940602176
vinh_long,Vĩnh Long,mamba,0.26162686944007874,0.3950652295286722,0.7601827383041382,0.16823628544807434,25,0.031249130849669626,0.26162686944007874,0.3950652295286722,0.7601827383041382,0.0,0.0,0.0,2026-03-03 10:00:00,2026-06-16 23:00:00,2534,1.0,1.0,107.11760063141278,25.294014926113398,0.23613313570333835,33.75,0.4032078067758538,-0.46958584364772626,1.364784840110541,3.0,5.0,0.018942383583267563,10.0,0.14409030544488713,0.9936005227091116,0.7936820738915443,0.5931778980964255,0.31334135206354946,3.322596940602176
vinh_long,Vĩnh Long,transformer,0.21211713552474976,0.29161528435607104,0.8693337440490723,0.19240359961986542,19,0.02945839785464835,0.26162686944007874,0.3950652295286722,0.7601827383041382,-0.04950973391532898,-0.10344994517260114,0.10915100574493408,2026-03-03 10:00:00,2026-06-16 23:00:00,2534,1.0,1.0,107.11760063141278,25.294014926113398,0.23613313570333835,33.75,0.4032078067758538,-0.46958584364772626,1.364784840110541,3.0,5.0,0.018942383583267563,10.0,0.14409030544488713,0.9936005227091116,0.7936820738915443,0.5931778980964255,0.31334135206354946,3.322596940602176
